Scenario,ATP,NADH,Fdred,Sulfate,N2,CO2,HCO2-,H2O,Hplus,CO,Target Molecule,Target,
pinene_CBB,48.00328408762641,28.00218263574949,-0.0,-0.0,-0.0,10.001125020595273,-0.0,2.000158288586875,4.000163519914747,-0.0,Pinene,1.0
limonene_CBB,48.00328408762641,28.00218263574949,-0.0,-0.0,-0.0,10.001125020595273,-0.0,2.000158288586875,4.000163519914747,-0.0,Limonene,1.0
farnesene_CBB,71.99812800564511,41.99892758481075,-0.0,-0.0,-0.0,14.99917565758603,-0.0,2.9999498716330635,6.00015512855945,-0.0,Farnesene,1.0
bisabolene_CBB,71.99812800564511,41.99892758481075,-0.0,-0.0,-0.0,14.99917565758603,-0.0,2.9999498716330635,6.00015512855945,-0.0,Bisabolene,1.0
geraniol_CBB,48.00328408762641,28.00218263574949,-0.0,-0.0,-0.0,10.001125020595273,-0.0,3.0001582885868756,4.000163519914747,-0.0,Geraniol,1.0
